id,date,text,views,likes,retweets,replies,quotes,url
1991087124800553343,2025-11-19T10:12:17.000Z,"#EndTerrorismInNigeria #EndTerrorismInNigeria #EndTerrorismInNigeria #EndTerrorismInNigeria #EndTerrorismInNigeria",36123,2128,1569,59,24,https://x.com/aproko_doctor/status/1991087124800553343
1991086408304341086,2025-11-19T10:09:26.000Z,"It is wickedness to see that massacre and still play politics with it. God will punish you. Lives are being cut down in broad daylight!",30418,1959,698,64,12,https://x.com/aproko_doctor/status/1991086408304341086
1991063937270366409,2025-11-19T08:40:09.000Z,"This is terrorism and it cannot continue! Human lives are being sacrificed as a result of the government not being able to protect it's people! This is a travesty! @NigeriaGov protect your citizens. We have a right to live!",42977,1645,771,67,8,https://x.com/aproko_doctor/status/1991063937270366409
1991058599335112738,2025-11-19T08:18:56.000Z,"There’s a look?",67,1,0,1,0,https://x.com/aproko_doctor/status/1991058599335112738
1991058546348245052,2025-11-19T08:18:44.000Z,"Omo",58,1,0,1,0,https://x.com/aproko_doctor/status/1991058546348245052
1991058462722191407,2025-11-19T08:18:24.000Z,"Side eye",55,0,0,0,0,https://x.com/aproko_doctor/status/1991058462722191407
1991057980788211953,2025-11-19T08:16:29.000Z,"Bro 😂",57,1,0,0,0,https://x.com/aproko_doctor/status/1991057980788211953
1991046751827235011,2025-11-19T07:31:52.000Z,"Today is International Men’s Day. Men 30+, what’s one lesson, habit or truth you wish younger men growing up today understood early?",93523,1482,242,317,82,https://x.com/aproko_doctor/status/1991046751827235011
1991042220095647961,2025-11-19T07:13:51.000Z,"How do I get this abeg?",2094,2,0,1,0,https://x.com/aproko_doctor/status/1991042220095647961
1991040956150263850,2025-11-19T07:08:50.000Z,"Musicians and AI go fight o. See this jam in less than 2 hours. Check your body today🙈 [AI song link]",54917,89,4,12,2,https://x.com/aproko_doctor/status/1991040956150263850
1991021737761448061,2025-11-19T05:52:28.000Z,"Ah! Now I want one for healthcare.",3946,0,0,2,0,https://x.com/aproko_doctor/status/1991021737761448061
1990837394178707792,2025-11-18T17:39:57.000Z,"Sharp guy",53,1,0,0,0,https://x.com/aproko_doctor/status/1990837394178707792
1990837345482912201,2025-11-18T17:39:45.000Z,"Na you dey miss out.",51,1,0,1,0,https://x.com/aproko_doctor/status/1990837345482912201
1990837273298940209,2025-11-18T17:39:28.000Z,"Thank you",49,1,0,0,0,https://x.com/aproko_doctor/status/1990837273298940209
1990837221029446025,2025-11-18T17:39:16.000Z,"Yes bro",50,1,0,0,0,https://x.com/aproko_doctor/status/1990837221029446025
1990767164840956163,2025-11-18T13:00:53.000Z,"Happy birthday. You're a blessing!",7039,25,2,2,0,https://x.com/aproko_doctor/status/1990767164840956163
1990766790033748043,2025-11-18T12:59:24.000Z,"Said 5 years ago. Same story today. The government has failed to secure its people. [Quoted old kidnapping tweet]",88239,1578,457,18,5,https://x.com/aproko_doctor/status/1990766790033748043
1990766183277334538,2025-11-18T12:56:59.000Z,"No",108,0,0,1,0,https://x.com/aproko_doctor/status/1990766183277334538
1990760494156951680,2025-11-18T12:34:23.000Z,"Who has read these and what do you think of it. Good read? Should I buy? [Books pic]",21743,144,15,22,0,https://x.com/aproko_doctor/status/1990760494156951680
1990705907706310766,2025-11-18T08:57:28.000Z,"Love is a beautiful thing",214,0,0,0,0,https://x.com/aproko_doctor/status/1990705907706310766
1990495606159409566,2025-11-17T19:01:48.000Z,"What test was done. There are different strains of HPV? This is not a straightforward question, there is more context needed",45,1,0,1,0,https://x.com/aproko_doctor/status/1990495606159409566
1990464806998991112,2025-11-17T16:59:25.000Z,"Don't lie o. How many of you are like @JemimaOsunde? Tell me in the comments. Oh…and don't forget to get your AprokoNation Fiesta tickets: [Link]",13219,193,23,10,0,https://x.com/aproko_doctor/status/1990464806998991112
1990442148668604878,2025-11-17T15:29:23.000Z,"Na AI. It's fake",96,0,0,0,0,https://x.com/aproko_doctor/status/1990442148668604878
1990435558175207462,2025-11-17T15:03:12.000Z,"What about the patella?",264,1,0,1,0,https://x.com/aproko_doctor/status/1990435558175207462
1990429872607387925,2025-11-17T14:40:36.000Z,"Walahi I am shook",137,0,0,1,0,https://x.com/aproko_doctor/status/1990429872607387925
1990428700484010229,2025-11-17T14:35:57.000Z,"I used to wait by my junction and join @ndukaomeife to work every morning and it was @PureMinD__ that did the introduction. Thank you sir for driving me to work everyday, it helped this young man survive. Thank God for where we are now.",19030,160,18,12,0,https://x.com/aproko_doctor/status/1990428700484010229
1990407983256215746,2025-11-17T13:13:37.000Z,"Sorry, it is the hyoid",665,3,0,2,0,https://x.com/aproko_doctor/status/1990407983256215746
1990358494692929760,2025-11-17T09:56:58.000Z,"Primary school education will at least teach you that you can't survive with just 4 ribs. But igbolade farmer thinks it's oversabi.",78569,718,59,27,2,https://x.com/aproko_doctor/status/1990358494692929760
1990343161852653588,2025-11-17T08:56:03.000Z,"I am very worried about the quality of your own education, Igbolade farmer. If you can't deduce by primary school that having only 4 ribs is a lie and impossible, then I don't know what else to tell you.",109286,662,56,20,5,https://x.com/aproko_doctor/status/1990343161852653588
1990341333488390358,2025-11-17T08:48:47.000Z,"You're wrong. It's scapula",8650,116,1,11,2,https://x.com/aproko_doctor/status/1990341333488390358
1990340830985695454,2025-11-17T08:46:47.000Z,"Amen. This is not hating",906,1,0,0,0,https://x.com/aproko_doctor/status/1990340830985695454
1990340780473651446,2025-11-17T08:46:35.000Z,"Lmao",775,1,0,0,0,https://x.com/aproko_doctor/status/1990340780473651446
1990340741311418507,2025-11-17T08:46:26.000Z,"Yup",950,0,0,0,0,https://x.com/aproko_doctor/status/1990340741311418507
1990340681559101565,2025-11-17T08:46:11.000Z,"😂",120,0,0,0,0,https://x.com/aproko_doctor/status/1990340681559101565
1990338230491967687,2025-11-17T08:36:27.000Z,"Yeah",332,0,0,1,0,https://x.com/aproko_doctor/status/1990338230491967687
1990338125705658600,2025-11-17T08:36:02.000Z,"Lmaooo",371,1,0,0,0,https://x.com/aproko_doctor/status/1990338125705658600
1990338083871723711,2025-11-17T08:35:52.000Z,"Omo. My condolences",397,0,0,0,0,https://x.com/aproko_doctor/status/1990338083871723711
1990338047725154702,2025-11-17T08:35:43.000Z,"Well…",370,1,0,0,0,https://x.com/aproko_doctor/status/1990338047725154702
1990338013738741975,2025-11-17T08:35:35.000Z,"Lmaooo",681,1,0,1,0,https://x.com/aproko_doctor/status/1990338013738741975
1990337746947506179,2025-11-17T08:34:32.000Z,"Cream that doesn't bleach and doesn't have hydroquinone.",552,0,0,0,0,https://x.com/aproko_doctor/status/1990337746947506179
1990337680606187953,2025-11-17T08:34:16.000Z,"😂",455,0,0,0,0,https://x.com/aproko_doctor/status/1990337680606187953
1990337635689394635,2025-11-17T08:34:05.000Z,"Them wan feel among",565,0,0,0,0,https://x.com/aproko_doctor/status/1990337635689394635
1990337607926993329,2025-11-17T08:33:59.000Z,"They don't because no one tells them",648,1,0,0,0,https://x.com/aproko_doctor/status/1990337607926993329
1990337545272729793,2025-11-17T08:33:44.000Z,"Lmao",624,0,0,0,0,https://x.com/aproko_doctor/status/1990337545272729793
1990337509256212916,2025-11-17T08:33:35.000Z,"When and where did I say that?",518,0,0,0,0,https://x.com/aproko_doctor/status/1990337509256212916
1990337441673117771,2025-11-17T08:33:19.000Z,"Lmao. They don't know",1043,1,0,1,0,https://x.com/aproko_doctor/status/1990337441673117771
1990337283891859884,2025-11-17T08:32:41.000Z,"You're welcome 😂",1043,1,0,1,0,https://x.com/aproko_doctor/status/1990337283891859884
1990337199586586842,2025-11-17T08:32:21.000Z,"It’s never too late. But it’s often recommended you talk to your doctor to know what’s best from age 27 upwards.",183,2,0,1,0,https://x.com/aproko_doctor/status/1990337199586586842
1990336993344303282,2025-11-17T08:31:32.000Z,"Vaccines administration starts from age 9. Once you get the vaccine, you'll be informed of additional information.",1013,2,1,0,0,https://x.com/aproko_doctor/status/1990336993344303282
1990336813794459762,2025-11-17T08:30:49.000Z,"It means chances are high",883,0,1,0,0,https://x.com/aproko_doctor/status/1990336813794459762
1990336717296226387,2025-11-17T08:30:26.000Z,"Yes please",728,0,0,0,0,https://x.com/aproko_doctor/status/1990336717296226387
1990336688996905089,2025-11-17T08:30:19.000Z,"You're welcome",685,1,0,0,0,https://x.com/aproko_doctor/status/1990336688996905089
1990336594516341062,2025-11-17T08:29:57.000Z,"My condolences",2317,3,0,1,0,https://x.com/aproko_doctor/status/1990336594516341062
1990336522332377330,2025-11-17T08:29:40.000Z,"No",1516,1,0,0,0,https://x.com/aproko_doctor/status/1990336522332377330
1990336503650877855,2025-11-17T08:29:35.000Z,"Go to your primary healthcare centres and hospitals",2518,1,0,1,0,https://x.com/aproko_doctor/status/1990336503650877855
1990333044558078303,2025-11-17T08:15:51.000Z,"The recommendation is that children and adults should be vaccinated between ages 9-26 with routine vaccination for those aged between 11 and 12 years.",5793,11,0,5,0,https://x.com/aproko_doctor/status/1990333044558078303
1990330005419860404,2025-11-17T08:03:46.000Z,"You're welcome",91,1,0,0,0,https://x.com/aproko_doctor/status/1990330005419860404
1990329978932826216,2025-11-17T08:03:40.000Z,"Price range depends on where you're doing it",4894,5,0,0,1,https://x.com/aproko_doctor/status/1990329978932826216
1990329824880242737,2025-11-17T08:03:03.000Z,"All of you that bleach, this is how that cream is giving you body odour!",61470,739,198,57,19,https://x.com/aproko_doctor/status/1990329824880242737
1990328219321675890,2025-11-17T07:56:40.000Z,"You're welcome",137,1,0,0,0,https://x.com/aproko_doctor/status/1990328219321675890
1990328180591448140,2025-11-17T07:56:31.000Z,"Price range depends on where you're doing it",3574,2,0,0,0,https://x.com/aproko_doctor/status/1990328180591448140
1990328050316456121,2025-11-17T07:56:00.000Z,"Great. Well done",1805,3,0,0,0,https://x.com/aproko_doctor/status/1990328050316456121
1990327595305738305,2025-11-17T07:54:11.000Z,"Yes",72,0,0,0,0,https://x.com/aproko_doctor/status/1990327595305738305
1990327509016338849,2025-11-17T07:53:51.000Z,"Yes.",313,0,0,0,0,https://x.com/aproko_doctor/status/1990327509016338849
1990327462392414609,2025-11-17T07:53:40.000Z,"The amount depends on where you're doing it.",104,1,0,1,0,https://x.com/aproko_doctor/status/1990327462392414609
1990326960032297411,2025-11-17T07:51:40.000Z,"Yes. Boys get it in other countries. In Nigeria only girls get it for now for a couple of reasons.",29,1,0,0,0,https://x.com/aproko_doctor/status/1990326960032297411
1990326861579088363,2025-11-17T07:51:16.000Z,"Yes.",403,1,0,1,0,https://x.com/aproko_doctor/status/1990326861579088363
1990324515889664429,2025-11-17T07:41:57.000Z,"We need to go back to basic education. Like primary school education.",592140,3521,303,177,9,https://x.com/aproko_doctor/status/1990324515889664429
1990323629046063272,2025-11-17T07:38:26.000Z,"It’s not gender based",933,1,0,2,0,https://x.com/aproko_doctor/status/1990323629046063272
1990323580467552333,2025-11-17T07:38:14.000Z,"No HPV does not attack only women. It’s not gender specific, and in many men it can lead to genital warts, and less commonly cancer of the penis. Most times, it is asymptomatic (it doesn't show symptoms in men).",28304,116,29,7,1,https://x.com/aproko_doctor/status/1990323580467552333
1990322392145805738,2025-11-17T07:33:31.000Z,"Breastfeeding yes. For pregnant women, it’s not advised",4201,1,0,2,0,https://x.com/aproko_doctor/status/1990322392145805738
1990322118400381086,2025-11-17T07:32:26.000Z,"It has to be done intentionally",813,0,0,0,0,https://x.com/aproko_doctor/status/1990322118400381086
1990321977631154395,2025-11-17T07:31:52.000Z,"Nope. Just telling why you should safeguard yourself now. Shey you don collect am sef?",1661,1,0,0,0,https://x.com/aproko_doctor/status/1990321977631154395
1990321705873740151,2025-11-17T07:30:47.000Z,"Men can have HPV too. So it’s not gender-specific.",10398,33,3,2,0,https://x.com/aproko_doctor/status/1990321705873740151
1990321263085318229,2025-11-17T07:29:02.000Z,"Primary healthcare centres, general hospitals, private clinics and hospitals.",2249,2,0,0,0,https://x.com/aproko_doctor/status/1990321263085318229
1990321126963298359,2025-11-17T07:28:29.000Z,"You can get vaccinated in your local primary healthcare centre, general hospitals and even some private hospitals/clinics.",10272,22,4,2,0,https://x.com/aproko_doctor/status/1990321126963298359
1990320982926762095,2025-11-17T07:27:55.000Z,"Yeah. So painful because it can 100% be prevented.",1371,1,0,1,0,https://x.com/aproko_doctor/status/1990320982926762095
1990320901800489462,2025-11-17T07:27:36.000Z,"General hospitals, Primary Healthcare centres and private hospitals/clinics.",2886,3,0,0,1,https://x.com/aproko_doctor/status/1990320901800489462
1990320463139262677,2025-11-17T07:25:51.000Z,"Yesso. Which is why vaccination is VERY IMPORTANT!",2450,5,0,1,0,https://x.com/aproko_doctor/status/1990320463139262677
1990319899692900609,2025-11-17T07:23:37.000Z,"The most dangerous thing about the virus that causes Cervical Cancer (HPV) is that it doesn't show symptoms until it's too late. Get vaccinated! [Full thread]",115803,963,356,72,9,https://x.com/aproko_doctor/status/1990319899692900609
1990318866686435385,2025-11-17T07:19:30.000Z,"Showing your my Y2K drip",23,0,0,0,0,https://x.com/aproko_doctor/status/1990318866686435385
1990318799585968555,2025-11-17T07:19:14.000Z,"Lmaooo",21,0,0,1,0,https://x.com/aproko_doctor/status/1990318799585968555
1990172525293343190,2025-11-16T21:38:00.000Z,"I never said so",256,3,0,0,0,https://x.com/aproko_doctor/status/1990172525293343190
1990152262883168609,2025-11-16T20:17:29.000Z,"I personally have a problem with the term \"escaping reality\" Because it inherently paints reality as bad and escaping as good. This perspective reinforces the idea that reality is suffering and that the only way to find pleasure is to abandon it by escaping it. Here's what I would suggest instead: Think of life itself as having multiple parts, and engaging in activities that bring joy, imagination, and rest is simply fully inhabiting a different, positive part of that reality and not different from it. Another danger is that it makes You avoid responsibilities. The main problem with \"escaping reality\" is that you end up dodging stuff you should be doing or feelings you need to deal with. When people say \"escaping reality,\" it doesn't help anyone figure out what they're actually avoiding like paying your gbese, having a tough talk with a partner, or facing a negative emotion. Because of that, they can't ever fix the real issue which always stares them in the face. Na so people dey start with negative habits because they're always trying to run away from the problem. Instead of saying, \"escape reality\", we should really be asking is \"What am I actually trying to avoid, and how can I balance dealing with life and taking a break?\" Don't forget to drink water",35998,183,46,15,4,https://x.com/aproko_doctor/status/1990152262883168609
1990147685433638965,2025-11-16T19:59:18.000Z,"Sensei",172,0,0,0,0,https://x.com/aproko_doctor/status/1990147685433638965
1990142004387528786,2025-11-16T19:36:43.000Z,"Happy birthday! Keep thriving!",84,2,0,1,0,https://x.com/aproko_doctor/status/1990142004387528786
1990141686161309715,2025-11-16T19:35:27.000Z,"Design is smooth. Great work",678,0,0,0,0,https://x.com/aproko_doctor/status/1990141686161309715
1990124272199569508,2025-11-16T18:26:15.000Z,"This is the lifestyle I am addicted to.",43077,526,31,31,5,https://x.com/aproko_doctor/status/1990124272199569508
1990119050970595504,2025-11-16T18:05:31.000Z,"Yes o.",84,0,1,1,0,https://x.com/aproko_doctor/status/1990119050970595504
1990115281465692440,2025-11-16T17:50:32.000Z,"Thanks for sharing",3025,1,1,0,0,https://x.com/aproko_doctor/status/1990115281465692440
1990106408516202733,2025-11-16T17:15:16.000Z,"Na musician/rapper you supposed be o😂",113,1,0,1,0,https://x.com/aproko_doctor/status/1990106408516202733
1990105383596175697,2025-11-16T17:11:12.000Z,"You dey feel the boy? Oya show me your Y2K drip by joining the #AprokoY2K party giveaway and stand the chance to win ₦100,000. How to win: 1. Follow @aproko_doctor & @aproko_fiesta 2. Post a video of you dressed in your best Y2K fit. Then tag @aproko_doctor & @aproko_fiesta Use the hashtag #AprokoY2KParty 3. Winners will be picked randomly & announced LIVE at the AprokoNation Fiesta! NOTE: You must get a TICKET to participate in the Challenge. Oya",13435,122,24,16,0,https://x.com/aproko_doctor/status/1990105383596175697
1989953301899874688,2025-11-16T07:06:53.000Z,"Visit your PHC, take a picture or video & share what it looks like. When we all speak and show what our PHCs look like, it will bring change! Let's highlight what’s working at the PHC level and where support is needed This is one fight we ALL must get involved #KnowYourPHC",15622,124,70,11,0,https://x.com/aproko_doctor/status/1989953301899874688
1989938116031922455,2025-11-16T06:06:32.000Z,"Once I don chook am inside bag. Ready to go anywhere. A beauty",3631,7,0,1,0,https://x.com/aproko_doctor/status/1989938116031922455
1989936437777895466,2025-11-16T05:59:52.000Z,"How many people can afford this",348,0,0,1,0,https://x.com/aproko_doctor/status/1989936437777895466
1989762677137461592,2025-11-15T18:29:24.000Z,"Sharp guy",70,2,0,0,0,https://x.com/aproko_doctor/status/1989762677137461592
1989762652453941495,2025-11-15T18:29:19.000Z,"Sharp girl. Hopefully you win the prize",61,3,0,0,0,https://x.com/aproko_doctor/status/1989762652453941495
1989757465186243058,2025-11-15T18:08:42.000Z,"Yes.",42,2,0,0,0,https://x.com/aproko_doctor/status/1989757465186243058
1989748686490927329,2025-11-15T17:33:49.000Z,"Yesso. No dulling",72,2,0,0,0,https://x.com/aproko_doctor/status/1989748686490927329
1989745557590466764,2025-11-15T17:21:23.000Z,"We are giving ₦100,000 to 10 PEOPLE! Across all platforms. It's the #AprokoY2KParty giveaway, and here’s how to win: 1. Follow @aproko_doctor & @aproko_fiesta 2. Post a video of you dressed in your best Y2K fit. Then tag @aproko_doctor & @aproko_fiesta Use the hashtag #AprokoY2KParty 3. Winners will be picked randomly & announced LIVE at the AprokoNation Fiesta on Nov. 29th! NOTE: You must get a TICKET to participate in the Challenge: [Link] Let’s go!",13161,73,27,15,1,https://x.com/aproko_doctor/status/1989745557590466764
1989739088916930960,2025-11-15T16:55:41.000Z,"@AskAwaDoc please help Fabian out.",76,1,0,1,0,https://x.com/aproko_doctor/status/1989739088916930960
1989729245942485363,2025-11-15T16:16:34.000Z,"Thank you for trusting AwaDoc to be your health partner on WhatsApp! We’re still just scratching the surface. Cheers to more.",12598,43,13,7,0,https://x.com/aproko_doctor/status/1989729245942485363
1989677606460166328,2025-11-15T12:51:22.000Z,"Drugs can seriously mess with your brain and control your life. It's truly better to steer clear and never start. Don't test your strength with drugs.",233546,836,297,44,37,https://x.com/aproko_doctor/status/1989677606460166328
1989671404455723479,2025-11-15T12:26:43.000Z,"Omo. 7,000 people... and no modern delivery equipment?! How many mothers? How many babies? This is a nightmare. This is exactly why what we are saying. Please find your PHC and show us the reality. #KnowYourPHC",25297,1173,213,151,42,https://x.com/aproko_doctor/status/1989671404455723479
1989668058982477979,2025-11-15T12:13:26.000Z,"This is the only question that matters, especially after the video from Enugu. The truth is, most of us don't know the answer. We assume it's bad. But it's our collective responsibility to find out why. Is it the staff? No drugs? And is the money allocated to our PHCs working? This is the time for all of us to act. Don't just guess. Find your local PHC, document what you see, and post it so we can all hold them accountable. #KnowYourPHC",8469,81,33,8,3,https://x.com/aproko_doctor/status/1989668058982477979
1989662998215233623,2025-11-15T11:53:19.000Z,"Don't forget to drink water",39323,1173,213,151,42,https://x.com/aproko_doctor/status/1989662998215233623
1989614025739497624,2025-11-15T08:38:43.000Z,"POV: You have not gotten Aprokonation Fiesta tickets. Oya, don’t dull me. Get your tickets: [Link]",10886,119,27,14,1,https://x.com/aproko_doctor/status/1989614025739497624
1989613176808231405,2025-11-15T08:35:21.000Z,"BiGym Unilag sports CENTRE",64,0,1,1,0,https://x.com/aproko_doctor/status/1989613176808231405
1989601764509655242,2025-11-15T07:50:00.000Z,"Involve me but you no Dey here. Oya now.",10269,171,20,29,1,https://x.com/aproko_doctor/status/1989601764509655242
1989600859425005594,2025-11-15T07:46:24.000Z,"We no dey gree for sickness for here!",8342,95,14,5,0,https://x.com/aproko_doctor/status/1989600859425005594
1989600406939238713,2025-11-15T07:44:36.000Z,"Exercise With AprokoNation happening live at BiGym Unilag Sports Centre. If you’re not here, you’re wrong!",6582,105,22,14,0,https://x.com/aproko_doctor/status/1989600406939238713
1989394604349890983,2025-11-14T18:06:49.000Z,"I and @layiwasabi are sharing more than 1M at @aproko_fiesta. Why you still dey dull? Oya, get your tickets now: [Link]",13374,189,47,15,3,https://x.com/aproko_doctor/status/1989394604349890983
1989339791339467247,2025-11-14T14:29:01.000Z,"I remember one specific patient from my clinical days. A 39-year-old manager, at the top of his industry at the time. He was in the hospital, about to lose his leg. And he just kept crying, and lamenting on how a small wound had ultimately resulted in this. Let me tell you how. You see, for the past year, he was managing tiredness all in the name of hustle. According to him, he drank a lot of soda just to hold bodi. And even when he had blurry vision, he always thought it was because of his laptop screen. But the worst part of the scenario was that he was managing a ‘small wound' on his toe that just refused to heal. He didn't know that all those signs was his body screaming at him: Diabetes. You see, when you have diabetes, there's excess sugar in your blood. That sugar silently destroys your nerves. (So you don't even feel the wound on your foot). It destroys your blood vessels. (So the wound cannot heal). By the time he couldn't \"manage\" the pain anymore, it was too late, and his foot was dead. He was a ticking time bomb…And his workplace was helping him tick. Think about it. He was sitting for 8 hours straight. Skipping food for urgent meetings. And taking soda to meet deadlines. His body was always in high stress mode which is the perfect environment for diabetes to grow. It's an environment where you are scared to be seen as weak. Scared to ask for a break, or time for a check-up. This is where stigma also came in. Please, don't be part of those in the office making 'jokes' like, \"Ah, you get diabetes? You drink too much soda.\" It is NOT always caused by lifestyle. It can be genetics or stress. Show care, not shame. This is why at the AprokoNation Fiesta this year, we are having a dedicated safe space to talk about this. To learn. To get advice without being judged. (There's even a group ticket deal: buy four, get one free!) Your \"hustle\" should not cost you your foot. PLEASE",81822,598,146,24,2,https://x.com/aproko_doctor/status/1989339791339467247
1989254147624091658,2025-11-14T08:48:42.000Z,"I agree.",4629,6,0,0,0,https://x.com/aproko_doctor/status/1989254147624091658
1989254082457223563,2025-11-14T08:48:26.000Z,"Well done",49,2,1,0,0,https://x.com/aproko_doctor/status/1989254082457223563
1989254051033460872,2025-11-14T08:48:18.000Z,"Well done",192,3,0,0,0,https://x.com/aproko_doctor/status/1989254051033460872
1989253741997080671,2025-11-14T08:47:05.000Z,"Not enough information I believe",135,1,0,1,0,https://x.com/aproko_doctor/status/1989253741997080671
1989253618311258335,2025-11-14T08:46:35.000Z,"Check again abeg!",594,0,0,1,0,https://x.com/aproko_doctor/status/1989253618311258335
1989253572433994227,2025-11-14T08:46:24.000Z,"If I don't, will I tell you?",209,0,0,1,0,https://x.com/aproko_doctor/status/1989253572433994227
1989253522572153303,2025-11-14T08:46:12.000Z,"It’s not artificial. Vaccines train your body so that when the real disease comes, it can fight it",76,0,0,1,0,https://x.com/aproko_doctor/status/1989253522572153303
1989253157009150329,2025-11-14T08:44:45.000Z,"Check for yourself please. The repercussions of these things are usually big compared to the financial costs",70,1,0,0,0,https://x.com/aproko_doctor/status/1989253157009150329
1989253010858660324,2025-11-14T08:44:10.000Z,"Ensure to get it",72,1,0,0,0,https://x.com/aproko_doctor/status/1989253010858660324
1989252978738655517,2025-11-14T08:44:03.000Z,"Na just less than a minute",75,0,0,3,0,https://x.com/aproko_doctor/status/1989252978738655517
1989252893023805940,2025-11-14T08:43:42.000Z,"Change o",73,1,0,1,0,https://x.com/aproko_doctor/status/1989252893023805940
1989252860736123294,2025-11-14T08:43:35.000Z,"Please do it again",277,0,0,1,0,https://x.com/aproko_doctor/status/1989252860736123294
1989252818088464487,2025-11-14T08:43:25.000Z,"Run to Hospital",223,0,0,0,0,https://x.com/aproko_doctor/status/1989252818088464487
1989252738824471001,2025-11-14T08:43:06.000Z,"Good",2624,0,0,3,0,https://x.com/aproko_doctor/status/1989252738824471001
1989252639339823519,2025-11-14T08:42:42.000Z,"Good",1541,2,0,2,0,https://x.com/aproko_doctor/status/1989252639339823519
1989252565960368148,2025-11-14T08:42:24.000Z,"That one is cultism",228,0,0,0,0,https://x.com/aproko_doctor/status/1989252565960368148
1989252512562782467,2025-11-14T08:42:12.000Z,"Okay",124,1,0,1,0,https://x.com/aproko_doctor/status/1989252512562782467
1989252443738366068,2025-11-14T08:41:55.000Z,"Yes 😌",219,1,0,1,0,https://x.com/aproko_doctor/status/1989252443738366068
1989252418396443011,2025-11-14T08:41:49.000Z,"Hospital straight",403,0,0,0,0,https://x.com/aproko_doctor/status/1989252418396443011
1989252385777258808,2025-11-14T08:41:41.000Z,"Good",520,1,0,2,0,https://x.com/aproko_doctor/status/1989252385777258808
1989252367234289716,2025-11-14T08:41:37.000Z,"You should.",282,0,0,0,0,https://x.com/aproko_doctor/status/1989252367234289716
1989252341560951216,2025-11-14T08:41:31.000Z,"As how. You shouldn't just drink water, you should eat healthy too.",25,0,0,0,0,https://x.com/aproko_doctor/status/1989252341560951216
1989252304936317409,2025-11-14T08:41:22.000Z,"Lmao. It’s not the good kind of commotion",173,0,0,1,0,https://x.com/aproko_doctor/status/1989252304936317409
1989252283226526118,2025-11-14T08:41:17.000Z,"Which kind data be that one? Which kind research?",78,0,0,0,0,https://x.com/aproko_doctor/status/1989252283226526118
1989252196765139136,2025-11-14T08:40:56.000Z,"Okay",173,0,0,1,0,https://x.com/aproko_doctor/status/1989252196765139136
1989252132563021849,2025-11-14T08:40:41.000Z,"Na for your good now. Make nothing happen to you",2580,0,0,1,0,https://x.com/aproko_doctor/status/1989252132563021849
1989252030326788207,2025-11-14T08:40:17.000Z,"Sorry about that. Glad you're much better",839,0,0,1,0,https://x.com/aproko_doctor/status/1989252030326788207
1989252009644699973,2025-11-14T08:40:12.000Z,"Health is wealth i",310,1,0,0,0,https://x.com/aproko_doctor/status/1989252009644699973
1989251985229697505,2025-11-14T08:40:06.000Z,"There are a lot of young people walking around with hypertension nowadays and they don't even know.",1337,0,0,1,0,https://x.com/aproko_doctor/status/1989251985229697505
1989251921786610038,2025-11-14T08:39:51.000Z,"But you're taking your health seriously which is the most important thing",488,0,0,0,0,https://x.com/aproko_doctor/status/1989251921786610038
1989251899481260120,2025-11-14T08:39:46.000Z,"Most people don't know just how dangerous hypertension is.",907,0,0,1,0,https://x.com/aproko_doctor/status/1989251899481260120
1989251794313322927,2025-11-14T08:39:20.000Z,"My condolences 🙏",839,0,0,0,0,https://x.com/aproko_doctor/status/1989251794313322927
1989251756229116004,2025-11-14T08:39:11.000Z,"Omo. That's hypertension. It’s why they call it the silent killer",180,1,0,0,0,https://x.com/aproko_doctor/status/1989251756229116004
1989251720111960121,2025-11-14T08:39:03.000Z,"Time to go and take it again",8,0,0,1,0,https://x.com/aproko_doctor/status/1989251720111960121
1989251464699773075,2025-11-14T08:38:02.000Z,"Bleaching cream as how",344,0,0,1,0,https://x.com/aproko_doctor/status/1989251464699773075
1989251394147324377,2025-11-14T08:37:45.000Z,"My mouth was wicked",378,1,0,1,0,https://x.com/aproko_doctor/status/1989251394147324377
1989251369384251448,2025-11-14T08:37:39.000Z,"Well done",976,0,0,1,0,https://x.com/aproko_doctor/status/1989251369384251448
1989251120745894137,2025-11-14T08:36:40.000Z,"They’ll put the person on PPIs like Omeprazole. Best to speak to your doctor",1092,0,0,1,0,https://x.com/aproko_doctor/status/1989251120745894137
1989250976184955017,2025-11-14T08:36:05.000Z,"I can’t even remember, but with this post I will visit the hospital soon.",241,0,0,1,0,https://x.com/aproko_doctor/status/1989250976184955017
1989250381688500734,2025-11-14T08:33:44.000Z,"I have gotten two tetanus shots in the past five years but that was only because a sharp object (broken bottle, nail) cut my skin on two different occasions.",3097,0,0,1,0,https://x.com/aproko_doctor/status/1989250381688500734
1989250148657164663,2025-11-14T08:32:48.000Z,"Mine was like 20 years ago",1047,0,0,1,0,https://x.com/aproko_doctor/status/1989250148657164663
1989249962170020259,2025-11-14T08:32:04.000Z,"Tetanus shot isn’t only for when you have an infected injury? We learn everyday",464,0,0,1,0,https://x.com/aproko_doctor/status/1989249962170020259
1989249199981150231,2025-11-14T08:29:02.000Z,"So someone can actually take a tetanus injection without been bitten or cut by a sharp objects?",1118,0,0,1,0,https://x.com/aproko_doctor/status/1989249199981150231
1989247125562224819,2025-11-14T08:20:47.000Z,"Brother @aproko_doctor I go fast for you o",258,0,0,1,0,https://x.com/aproko_doctor/status/1989247125562224819
1989247087792545947,2025-11-14T08:20:38.000Z,"The days of little beginning 🤩🤝",13,1,0,0,0,https://x.com/aproko_doctor/status/1989247087792545947
1989247061137752379,2025-11-14T08:20:32.000Z,"Good morning.",328,1,0,0,0,https://x.com/aproko_doctor/status/1989247061137752379
1989246936675717291,


